{"cameraMode":{"drawMode":0,"name":"Shaded","section":"Shading Mode"},"sceneLighting":false,"audioPlay":false,"sceneViewState":{"showFog":true,"showMaterialUpdate":false,"showSkybox":false,"showFlares":true,"showImageEffects":true,"showParticleSystems":true},"in2DMode":false,"pivot":{"x":-0.06999997794628144,"y":2.1700000762939455,"z":-32.5},"rotation":{"x":0.170756995677948,"y":0.702995240688324,"z":-0.18011105060577393,"w":0.6664831042289734},"size":0.8680430054664612,"orthographic":false}