{"cameraMode":{"drawMode":0,"name":"Shaded","section":"Shading Mode"},"sceneLighting":false,"audioPlay":false,"sceneViewState":{"showFog":true,"showMaterialUpdate":false,"showSkybox":false,"showFlares":true,"showImageEffects":true,"showParticleSystems":true},"in2DMode":false,"pivot":{"x":-0.06351828575134278,"y":1.6123197078704835,"z":2.345897912979126},"rotation":{"x":0.13536006212234498,"y":-0.6235437393188477,"z":0.11076938360929489,"w":0.7619717717170715},"size":2.657365322113037,"orthographic":false}